,TrainingStart,TrainingEnd
0,15:23:21.478144,15:26:49.062119
