,TrainingStart,TrainingEnd
0,18:04:12.527690,18:13:42.127711
