,TrainingStart,TrainingEnd
0,14:05:58.923125,14:11:05.236353
