,TrainingStart,TrainingEnd
0,12:22:37.822292,12:56:55.449693
