,TrainingStart,TrainingEnd
0,17:53:51.316678,18:01:04.448595
