,TrainingStart,TrainingEnd
0,18:04:26.550826,18:13:53.176898
