,TrainingStart,TrainingEnd
0,17:37:58.810765,17:41:49.709209
