,TrainingStart,TrainingEnd
0,15:11:01.667836,15:18:19.869255
