,TrainingStart,TrainingEnd
0,16:26:39.370362,16:28:56.239204
