,TrainingStart,TrainingEnd
0,13:54:35.918792,14:00:55.679089
