,TrainingStart,TrainingEnd
0,13:52:10.824511,13:56:07.848252
