,TrainingStart,TrainingEnd
0,14:57:37.808732,14:59:36.702707
