,TrainingStart,TrainingEnd
0,15:17:05.359712,15:20:26.301060
