,TrainingStart,TrainingEnd
0,17:52:48.317416,18:00:14.188434
