,TrainingStart,TrainingEnd
0,17:32:46.802063,17:35:49.438931
