,TrainingStart,TrainingEnd
0,14:15:05.133671,14:24:48.061787
