,TrainingStart,TrainingEnd
0,13:04:41.449177,13:17:28.055635
